Success,SendDatetime,ReceivedDatetime,Count,ResponseTime,StatusCode,UserProfile,UserPreference,Organization,Team,Plan,Storage,Auth,Websocket,Job
true,2025-01-23T03:54:50.754968191+09:00,2025-01-23T03:54:51.585084753+09:00,0,830,200,2763360.3994218893,16618846.543001685,21391396.39224226,14452673.939393938,16979810.59762224,32171.886084929556,21290.883248730966,<nil>,7067420.511313546
true,2025-01-23T03:54:55.754462367+09:00,2025-01-23T03:54:55.929302223+09:00,1,174,200,1928578.7109195928,20521983.130308177,16756765.965109738,19510460.896877557,16979810.59762224,32171.886084929556,3214.8687680522416,<nil>,9492498.692584734
true,2025-01-23T03:55:00.754242269+09:00,2025-01-23T03:55:00.930485342+09:00,2,176,200,1928578.7109195928,16021313.911648676,16756765.965109738,14743998.723472156,16979810.59762224,26473.708861187122,2185.232607767819,<nil>,9492498.692584734
true,2025-01-23T03:55:05.754497981+09:00,2025-01-23T03:55:05.926096929+09:00,3,171,200,931.5545724616977,16021313.911648676,16756765.965109738,14743998.723472156,18738200.041554123,16808515.808499016,2185.232607767819,<nil>,7058550.690610268
true,2025-01-23T03:55:10.75559541+09:00,2025-01-23T03:55:10.927189043+09:00,4,171,200,1132.5241242016202,23647402.098797034,20787095.151780546,1259.2836594417727,18738200.041554123,20447417.79747323,2185.232607767819,<nil>,8675120.789936427
true,2025-01-23T03:55:16.171353512+09:00,2025-01-23T03:55:16.342974179+09:00,5,171,200,920.1915804155415,18016955.659073457,15172414.152943095,1259.2836594417724,38709588.49292767,16698781.332985906,2150.4,<nil>,8675120.789936427
true,2025-01-23T03:55:21.170711608+09:00,2025-01-23T03:55:21.342006625+09:00,6,171,200,933.6321847813699,28851633.695058163,15172414.152943095,1075.829641829721,45039226.188980736,13885227.169077793,1999.302698556586,<nil>,17608233.155520964
true,2025-01-23T03:55:26.170960135+09:00,2025-01-23T03:55:26.34168157+09:00,7,170,200,1124.4322435737458,19833182.171894707,117.16247139588101,11351.781331979353,38563961.6615833,17135504.087948635,1999.3026985565862,<nil>,17608233.15552096
true,2025-01-23T03:55:31.17006273+09:00,2025-01-23T03:55:31.341689386+09:00,8,171,200,975.4122760016669,19833182.171894707,15582754.081888972,11351.781331979353,21953215.50679557,17135504.087948635,1686.5950956465144,<nil>,17608233.155520964
true,2025-01-23T03:55:36.170905211+09:00,2025-01-23T03:55:36.34228717+09:00,9,171,200,990.7813045932218,15513101.90356079,15582754.081888972,15972224.381396553,25472856.727131635,18255613.258240234,0,<nil>,8577444.617923897
true,2025-01-23T03:55:41.17252525+09:00,2025-01-23T03:55:41.345424964+09:00,10,172,200,832.0939178111646,18639206.738286175,22739387.482053943,15972224.381396553,25472856.727131635,14696075.429839157,0,<nil>,8577444.617923897
true,2025-01-23T03:55:46.579043119+09:00,2025-01-23T03:55:46.749959194+09:00,11,170,200,853.8346377608066,18639206.738286175,17814130.9008889,17999113.9874945,40739561.74694578,1164.8939195722655,0,<nil>,8577444.617923897
true,2025-01-23T03:55:51.581670709+09:00,2025-01-23T03:55:51.752156687+09:00,12,170,200,483.4521505122516,14180909.806028279,14655077.722655328,14807700.856753942,47005830.69366743,1164.8939195722655,0,<nil>,17273278.89323092
true,2025-01-23T03:55:56.579726+09:00,2025-01-23T03:55:56.766131224+09:00,13,186,200,483.45215051225154,127.43847422295511,24113738.848757733,18627727.92062253,53976470.77758777,14082244.846828379,0,<nil>,17273278.89323092
true,2025-01-23T03:56:01.580218979+09:00,2025-01-23T03:56:01.75391893+09:00,14,173,200,398.13374805598755,127.43847422295511,19852338.824622896,15946628.692269593,45185795.16336896,20890464.98662537,0,<nil>,12876944.012858288
true,2025-01-23T03:56:06.579345966+09:00,2025-01-23T03:56:06.761285471+09:00,15,181,200,398.13374805598755,8339.020558100423,15002652.478839176,20737871.727484915,37930839.20159705,20890464.98662537,0,<nil>,10032641.696151441
true,2025-01-23T03:56:11.579455518+09:00,2025-01-23T03:56:11.753979094+09:00,16,174,200,318.97206268860117,8339.020558100423,15002652.478839176,33468640.11953003,44688793.6,14641215.613529619,0,<nil>,7713437.740693197
true,2025-01-23T03:56:16.581192385+09:00,2025-01-23T03:56:17.18076345+09:00,17,171,200,299.38602475392264,16168684.070665892,445.1206259508802,33468640.11953003,65656718.50654124,22699883.364440233,0,<nil>,11423730.980601849
true,2025-01-23T03:56:22.009303909+09:00,2025-01-23T03:56:22.181053921+09:00,18,171,200,257.22082967871876,19583898.342775453,445.1206259508802,18667864.813906815,65656718.50654124,22699883.36444023,0,<nil>,11423730.980601849
true,2025-01-23T03:56:27.008177708+09:00,2025-01-23T03:56:27.18190987+09:00,19,173,200,102.4,16549590.893432874,19867933.918706127,14253662.983745009,52850375.56184036,18175323.69567053,0,<nil>,9032315.696450107
true,2025-01-23T03:56:32.00773967+09:00,2025-01-23T03:56:32.179432083+09:00,20,171,200,92.02012940330698,14894425.085162636,19867933.918706127,20550487.18376425,44056701.63059046,28755985.503595028,0,<nil>,7368201.103617412
true,2025-01-23T03:56:37.00791282+09:00,2025-01-23T03:56:37.180210782+09:00,21,172,200,92.02012940330698,33364773.107727014,15648610.779450096,20550487.18376425,54031579.01533494,21772088.158473957,0,<nil>,212.6632226577711
true,2025-01-23T03:56:42.007565358+09:00,2025-01-23T03:56:42.178728526+09:00,22,171,200,0,33364773.107727014,15648610.779450096,14498672.261328211,47051190.88799832,21772088.158473954,0,<nil>,212.6632226577711
true,2025-01-23T03:56:47.008741169+09:00,2025-01-23T03:56:47.179234115+09:00,23,170,200,90.9454238642924,47271823.76826423,21887640.591028,7122.446022315607,47051190.88799832,17063057.64089802,0,<nil>,9607232.681189077
true,2025-01-23T03:56:52.443502283+09:00,2025-01-23T03:56:52.61668552+09:00,24,173,200,90.9454238642924,46520661.54814348,19707388.76880269,7122.446022315606,24646834.95145631,19896269.4700708,0,<nil>,11641250.105951445
true,2025-01-23T03:56:57.443722513+09:00,2025-01-23T03:56:57.615290558+09:00,25,171,200,117.61665470208185,46520661.54814348,15730776.155357858,15374222.22222222,24646834.95145631,19896269.4700708,0,<nil>,9683288.84854796
true,2025-01-23T03:57:02.442934674+09:00,2025-01-23T03:57:02.614085927+09:00,26,171,200,93.50573055754964,41745632.48708028,349.4677900919485,15374222.22222222,36956103.01814195,15654648.74559534,0,<nil>,7841625.415468689
true,2025-01-23T03:57:07.44284155+09:00,2025-01-23T03:57:07.616408742+09:00,27,173,200,114.74353587136173,29829876.06190851,350.96424850540154,21790859.00311649,36956103.01814195,1172.0485538036544,0,<nil>,10635857.704317428
true,2025-01-23T03:57:12.444244928+09:00,2025-01-23T03:57:12.616314046+09:00,28,172,200,114.74353587136173,20103539.07803137,314.6626018249834,16506968.683734737,22359040,18907361.46788991,0,<nil>,10516544.861387867
true,2025-01-23T03:57:17.442935824+09:00,2025-01-23T03:57:17.616082405+09:00,29,173,200,114.74353587136173,24203270.572055403,6771.5230402209845,16506968.683734737,24278811.25195232,18907361.46788991,0,<nil>,16561726.47989836
true,2025-01-23T03:57:22.894168815+09:00,2025-01-23T03:57:23.067392293+09:00,30,173,200,90.90221960762342,34035474.961434856,8478.30586736725,36687358.03081809,37412128.81611458,15378302.449908257,0,<nil>,16561726.47989836
true,2025-01-23T03:57:27.89365409+09:00,2025-01-23T03:57:28.065859809+09:00,31,172,200,105.4610056901568,34035474.961434856,6376.637320163196,36687358.03081809,37412128.816114575,32421484.127201416,0,<nil>,12042245.130581826
true,2025-01-23T03:57:32.892634743+09:00,2025-01-23T03:57:33.062371335+09:00,32,169,200,14900820.693996059,17038514.00382656,9313.07511234753,31514950.09511206,56750784.41096065,38882321.951730825,0,<nil>,9248143.204158576
true,2025-01-23T03:57:37.892158866+09:00,2025-01-23T03:57:38.062311946+09:00,33,170,200,14900820.69399606,17038514.00382656,9313.07511234753,34727010.89815859,55447444.53417821,32836876.933385737,0,<nil>,7715676.97277342
true,2025-01-23T03:57:42.893607699+09:00,2025-01-23T03:57:43.063709858+09:00,34,170,200,20445264.57950867,17038514.00382656,13616.55298905256,34727010.89815859,55447444.53417822,26879322.9230825,0,<nil>,11365873.381805282
true,2025-01-23T03:57:47.892624995+09:00,2025-01-23T03:57:48.064142363+09:00,35,171,200,20793254.89558985,20791079.27347358,13616.55298905256,27934877.871825878,35837019.85026995,32901605.694392085,0,<nil>,9318216.576461546
true,2025-01-23T03:57:52.892990265+09:00,2025-01-23T03:57:53.063956266+09:00,36,170,200,15201133.435519284,15204013.657493109,12105.917124072621,34979356.405898266,35837019.85026995,32901605.694392085,0,<nil>,7204546.07789872
true,2025-01-23T03:57:58.390106216+09:00,2025-01-23T03:57:58.571877302+09:00,37,181,200,15201133.435519284,15204013.657493109,15372843.303902963,30230622.257662192,24295928.15101478,17879856.530692607,0,<nil>,109.37249666221629
true,2025-01-23T03:58:03.391642968+09:00,2025-01-23T03:58:03.562728914+09:00,38,171,200,21000988.310855117,16047104.95582521,15372843.303902963,30230622.257662192,29331395.467980295,27452043.88610335,0,<nil>,109.37249666221628
true,2025-01-23T03:58:08.391333437+09:00,2025-01-23T03:58:08.560325711+09:00,39,168,200,31224702.208228737,16047104.95582521,15372843.303902963,29906019.41747573,38356181.51751391,20183910.327565566,0,<nil>,81.3408531257447
true,2025-01-23T03:58:13.391005236+09:00,2025-01-23T03:58:13.561306069+09:00,40,170,200,31224702.208228737,16047104.95582521,32696979.41266845,29906019.41747573,38356181.51751391,15632760.267189244,0,<nil>,126.22885142839533
true,2025-01-23T03:58:18.390978737+09:00,2025-01-23T03:58:18.565566035+09:00,41,174,200,31224702.208228737,33582324.47412657,32696979.41266845,18585931.31449071,30058274.87386478,15632760.267189244,0,<nil>,126.22885142839533
true,2025-01-23T03:58:23.39164758+09:00,2025-01-23T03:58:23.562859058+09:00,42,171,200,14907010.522039406,33582324.47412657,32696979.41266845,31698008.361024763,39074101.59702472,24391103.629668597,0,<nil>,7822719.257918184
true,2025-01-23T03:58:28.885532445+09:00,2025-01-23T03:58:29.059087281+09:00,43,173,200,14907010.52203941,33582324.47412657,52381296.503857255,31698008.361024756,39074101.59702472,15760532.970768185,0,<nil>,7822719.257918184
true,2025-01-23T03:58:33.884297516+09:00,2025-01-23T03:58:34.065167969+09:00,44,180,200,24219402.92399591,31064807.197390083,52381296.503857255,35623062.38962518,55628409.93363038,15760532.970768183,0,<nil>,9522644.677215658
true,2025-01-23T03:58:38.884646143+09:00,2025-01-23T03:58:39.051807484+09:00,45,167,200,19625486.760208134,36567744.92294753,52381296.503857255,32164969.697370473,37896559.76577418,15760532.970768183,0,<nil>,9522644.677215658
true,2025-01-23T03:58:43.88472924+09:00,2025-01-23T03:58:44.059653498+09:00,46,174,200,14906404.939876502,28208152.95082906,33438389.97777329,34639039.595145494,37896559.76577418,122.87413580923834,0,<nil>,7365221.788094691
true,2025-01-23T03:58:48.884752539+09:00,2025-01-23T03:58:49.058471121+09:00,47,173,200,14906404.939876502,28208152.95082906,33438389.97777329,34639039.595145494,28799154.12140163,520.3031714442985,0,<nil>,9783568.920775454
true,2025-01-23T03:58:53.8852063+09:00,2025-01-23T03:58:54.056073951+09:00,48,170,200,0,28021605.883690953,33438389.977773283,34639039.595145494,39231223.76516084,520.3031714442985,0,<nil>,7621550.657999047
true,2025-01-23T03:58:58.885595383+09:00,2025-01-23T03:58:59.056734497+09:00,49,171,200,10413.283546516246,28021605.883690953,17912383.18632988,32089037.680152804,39231223.76516084,560.5890564694934,0,<nil>,7621550.657999049
true,2025-01-23T03:59:04.393100081+09:00,2025-01-23T03:59:04.565949894+09:00,50,172,200,10413.283546516246,19219569.42277691,17912383.18632988,32089037.680152807,43866250.762120165,14198426.701370284,0,<nil>,0
true,2025-01-23T03:59:09.394219058+09:00,2025-01-23T03:59:09.567134201+09:00,51,172,200,13902.41832838354,13931896.639463216,15394747.972871255,22399724.61440563,43866250.762120165,14198426.701370284,0,<nil>,0
true,2025-01-23T03:59:14.39505204+09:00,2025-01-23T03:59:14.567509513+09:00,52,172,200,15042633.620777944,16763014.4030338,17122482.57483517,30162935.977475822,37794674.253856495,20842122.485672552,0,<nil>,0
true,2025-01-23T03:59:19.392949063+09:00,2025-01-23T03:59:19.569465574+09:00,53,176,200,15042633.620777944,15626315.335503785,17122482.574835166,30162935.977475822,41000842.36645607,15152573.179200195,0,<nil>,0
true,2025-01-23T03:59:24.393676429+09:00,2025-01-23T03:59:24.564990519+09:00,54,171,200,17655980.574588295,15626315.335503783,18625945.600000005,48527617.13441654,41000842.36645607,15152573.179200195,76.6352342463703,<nil>,75.18079365662054
true,2025-01-23T03:59:29.393831104+09:00,2025-01-23T03:59:29.565997809+09:00,55,172,200,17655980.57458829,15626315.335503783,34344089.274186105,32265430.9908337,41000842.36645607,21547822.71402212,109.41924453705188,<nil>,96.03075985276534
true,2025-01-23T03:59:34.91053558+09:00,2025-01-23T03:59:35.083143972+09:00,56,172,200,17655980.574588295,16881877.471206747,34344089.274186105,32265430.9908337,25502598.04334229,32365315.417502843,84.98101620365567,<nil>,96.03075985276534
true,2025-01-23T03:59:39.906841443+09:00,2025-01-23T03:59:40.081708296+09:00,57,174,200,32889331.014074832,14460368.900888212,26821808.12445981,23565449.63019638,19825458.74514159,32365315.417502835,84.98101620365567,<nil>,73.67171480988526
true,2025-01-23T03:59:44.905316972+09:00,2025-01-23T03:59:45.070973474+09:00,58,165,200,40990542.407909065,202.6518899663566,34484523.84150437,15841945.607680934,19825458.74514159,32365315.417502835,81.30420991971296,<nil>,92.15262778977682
true,2025-01-23T03:59:49.910720218+09:00,2025-01-23T03:59:50.082706661+09:00,59,171,200,31505534.848777555,167.83066605097082,34484523.84150437,15841945.607680932,40862.07608984386,20329866.79944675,96.12541362558963,<nil>,92.15262778977682
true,2025-01-23T03:59:54.906167329+09:00,2025-01-23T03:59:55.079133396+09:00,60,172,200,31505534.848777555,1294.8854013774417,20914095.696307197,267.2931349517097,17059401.753244266,14896586.643106703,96.12541362558963,<nil>,106.66734904946209
true,2025-01-23T03:59:59.905399146+09:00,2025-01-23T04:00:00.075825618+09:00,61,170,200,17196453.22599921,1294.8854013774417,15848075.5809005,16304676.533515671,25907951.1002445,14896586.643106703,81.36028307766122,<nil>,81.0639645345155
true,2025-01-23T04:00:04.90832746+09:00,2025-01-23T04:00:05.079564955+09:00,62,171,200,15450261.654433731,1294.8854013774417,15848075.5809005,16304676.533515671,25907951.100244496,20361063.56350862,0,<nil>,0
true,2025-01-23T04:00:10.50865808+09:00,2025-01-23T04:00:10.682539995+09:00,63,173,200,17289954.717870183,14795365.25220176,8755.352192645538,24654690.414248552,36843133.63291847,15186095.01586327,0,<nil>,8523271.421605567
true,2025-01-23T04:00:15.50677335+09:00,2025-01-23T04:00:15.680540204+09:00,64,173,200,17289954.717870183,14795365.25220176,6862.773374302796,19184020.067080252,36843133.63291846,15186095.01586327,0,<nil>,8523271.421605567
true,2025-01-23T04:00:20.506194889+09:00,2025-01-23T04:00:20.679080706+09:00,65,172,200,0,21634614.997365803,15387078.753821997,15234577.358257249,55078505.41829216,1276.1714855433702,0,<nil>,8523271.421605567
true,2025-01-23T04:00:25.506230453+09:00,2025-01-23T04:00:25.672084114+09:00,66,165,200,0,21634614.997365803,20551657.395143487,22246205.85048754,57903794.07487792,15272374.318121,0,<nil>,8658177.642688282
true,2025-01-23T04:00:30.502625269+09:00,2025-01-23T04:00:30.67430976+09:00,67,171,200,0,14084302.275065737,15177227.069875492,22246205.85048754,57903794.07487792,15272374.318121,0,<nil>,8658177.642688282
true,2025-01-23T04:00:35.506694901+09:00,2025-01-23T04:00:35.676870766+09:00,68,170,200,0,21723583.352927346,15177227.069875492,14783642.887142258,39583198.80029275,21932303.021170385,0,<nil>,8658177.642688282
true,2025-01-23T04:00:41.046853824+09:00,2025-01-23T04:00:41.219155923+09:00,69,172,200,0,32186781.283340953,17923303.225806452,0,47033734.2538952,20121278.8287408,0,<nil>,9078638.273761746
true,2025-01-23T04:00:46.047466234+09:00,2025-01-23T04:00:46.219266754+09:00,70,171,200,0,32186781.283340953,17923303.225806452,0,39047014.22979834,15938744.349918364,0,<nil>,9078638.273761746
true,2025-01-23T04:00:51.049094325+09:00,2025-01-23T04:00:51.218472898+09:00,71,169,200,0,32186781.283340953,17923303.225806452,15073263.295269169,34949592.080713175,15938744.349918364,0,<nil>,9078638.273761746
true,2025-01-23T04:00:56.046177579+09:00,2025-01-23T04:00:56.217801537+09:00,72,171,200,0,16713802.740469405,0,20515058.92456422,20428608.222074132,16123966.181999955,0,<nil>,0
true,2025-01-23T04:01:01.047209354+09:00,2025-01-23T04:01:01.21821083+09:00,73,171,200,0,16713802.740469405,0,17422792.317662306,20428608.222074132,16123966.181999957,0,<nil>,0
true,2025-01-23T04:01:06.046998066+09:00,2025-01-23T04:01:06.218355921+09:00,74,171,200,0,16713802.740469405,0,17422792.31766231,0,138.7157951774587,0,<nil>,0
true,2025-01-23T04:01:11.049286381+09:00,2025-01-23T04:01:11.220003655+09:00,75,170,200,0,36504831.291979454,0,14845816.14394407,6876.088553142377,106.66782263162648,0,<nil>,0
true,2025-01-23T04:01:16.647022891+09:00,2025-01-23T04:01:16.819531186+09:00,76,172,200,0,36504831.291979454,0,34631649.77865224,6876.088553142377,85.6760374832664,0,<nil>,0
true,2025-01-23T04:01:21.649072338+09:00,2025-01-23T04:01:21.813035424+09:00,77,163,200,0,28524994.50072359,0,34631649.778652236,8723.7101325808,114.95584289282321,0,<nil>,0
true,2025-01-23T04:01:26.648691663+09:00,2025-01-23T04:01:26.821440723+09:00,78,172,200,0,18515824.257301737,0,34631649.77865224,8723.7101325808,111.4182525473554,0,<nil>,0
true,2025-01-23T04:01:31.651270354+09:00,2025-01-23T04:01:31.821746724+09:00,79,170,200,0,18515824.257301737,0,17887673.83218202,24799989.291689906,1072.4150721096153,0,<nil>,0
true,2025-01-23T04:01:36.651492529+09:00,2025-01-23T04:01:36.822904351+09:00,80,171,200,0,14358025.780400682,0,17887673.83218202,24799989.291689906,1072.4150721096153,0,<nil>,0
true,2025-01-23T04:01:41.651161431+09:00,2025-01-23T04:01:41.822981107+09:00,81,171,200,0,19718682.415677913,0,27654525.218171284,18485680.76659253,5668.057566209656,0,<nil>,283.8664346957166
true,2025-01-23T04:01:47.238911129+09:00,2025-01-23T04:01:47.4112875+09:00,82,172,200,427.92369251342495,15821887.351515206,82.4891753096365,35588476.10572645,18485680.76659253,5668.057566209656,0,<nil>,328.89911940258565
true,2025-01-23T04:01:52.240297025+09:00,2025-01-23T04:01:52.41579743+09:00,83,175,200,427.92369251342484,10752,121.12967617921042,35588476.10572645,29442933.562959526,7850.5477020307635,0,<nil>,7434660.480222711
true,2025-01-23T04:01:57.238831513+09:00,2025-01-23T04:01:57.410020905+09:00,84,171,200,647.6298896372894,34657.05060218246,121.12967617921042,18513510.400000002,23242987.827939324,18639757.67926661,0,<nil>,9342271.110679233
true,2025-01-23T04:02:02.239032457+09:00,2025-01-23T04:02:02.410991546+09:00,85,171,200,512.9417617978474,34657.05060218246,14863413.559051344,35789895.94872415,19307136.172244653,18639757.679266606,0,<nil>,9342271.110679235
true,2025-01-23T04:02:07.239417875+09:00,2025-01-23T04:02:07.409383803+09:00,86,169,200,15108753.818915468,38182.06909324759,19658992.56369889,35789895.94872415,16375.365039638808,13798050.292723725,0,<nil>,10827294.39388535
true,2025-01-23T04:02:12.236148302+09:00,2025-01-23T04:02:12.408180826+09:00,87,172,200,21070970.990736097,15587905.198905494,23708384.664373968,36722193.86564013,21504098.956320062,19467117.008443907,0,<nil>,8101227.048662313
true,2025-01-23T04:02:17.835288003+09:00,2025-01-23T04:02:18.007566916+09:00,88,172,200,18539767.68978148,20605776.391982183,18658103.591117904,36722193.86564013,21504098.95632006,16547590.210427554,0,<nil>,8101227.048662311
true,2025-01-23T04:02:22.835679152+09:00,2025-01-23T04:02:23.007299629+09:00,89,171,200,18539767.68978148,15727661.71564565,15110161.789178876,30162895.99857831,18119234.31337886,14919165.872671224,0,<nil>,11453550.558451228
true,2025-01-23T04:02:27.835321423+09:00,2025-01-23T04:02:27.998618755+09:00,90,163,200,27216184.535508998,15727661.71564565,21803789.96690778,33944102.48404426,39048149.770647235,35065654.592282794,0,<nil>,8282959.484782563
