Success,SendDatetime,ReceivedDatetime,Count,ResponseTime,StatusCode,UserProfile,UserPreference,Organization,Team,Plan,PlanCommand,PlanQuery,Storage,Auth,Websocket,WebGateway,Job
true,2025-01-26T13:45:11.630262445+09:00,2025-01-26T13:45:12.463839213+09:00,0,833,200,112.468994,107.42171400000001,117.897143,115.641294,<nil>,117.97485499999999,66.17092600000001,78.737187,61.287771,<nil>,87.324973,121.439382
true,2025-01-26T13:45:16.628957676+09:00,2025-01-26T13:45:16.811894458+09:00,1,182,200,112.468994,107.763374,117.97862599999999,115.765574,<nil>,118.044049,66.17092600000001,78.902468,61.86145,<nil>,87.698094,121.439382
true,2025-01-26T13:45:21.629213684+09:00,2025-01-26T13:45:21.807635691+09:00,2,178,200,112.910836,107.821328,118.044266,116.011669,<nil>,118.10240399999999,72.901282,79.431032,61.86145,<nil>,97.487996,121.439382
true,2025-01-26T13:45:28.168527011+09:00,2025-01-26T13:45:28.381072086+09:00,3,212,200,112.910836,107.96467,118.150978,116.011669,<nil>,118.378536,97.573855,79.431032,61.86145,<nil>,111.856961,121.840761
true,2025-01-26T13:45:33.170226873+09:00,2025-01-26T13:45:33.351845707+09:00,4,181,200,112.910836,108.06393299999999,118.434693,116.129303,<nil>,118.378536,97.573855,79.67803,61.928546,<nil>,150.678789,121.840761
true,2025-01-26T13:45:38.169077535+09:00,2025-01-26T13:45:38.346237942+09:00,5,177,200,113.303072,108.182936,118.51103499999999,116.418052,<nil>,118.446452,118.751611,79.838,61.928546,<nil>,226.532887,121.840761
true,2025-01-26T13:45:43.169315861+09:00,2025-01-26T13:45:43.345668224+09:00,6,176,200,113.394594,108.182936,118.579261,116.418052,<nil>,118.79252500000001,139.94307,80.230582,62.005306,<nil>,226.532887,121.840761
true,2025-01-26T13:45:48.169040417+09:00,2025-01-26T13:45:48.347710419+09:00,7,178,200,113.394594,108.539531,118.793896,116.66610299999999,<nil>,118.79252500000001,164.8295,80.400763,62.005306,<nil>,252.57986,122.55462
true,2025-01-26T13:45:53.1698104+09:00,2025-01-26T13:45:53.349560683+09:00,8,179,200,113.464324,108.539531,118.906567,116.66610299999999,<nil>,118.87287900000001,188.652891,80.400763,62.060924,<nil>,266.594823,122.55462
true,2025-01-26T13:45:58.168648554+09:00,2025-01-26T13:45:58.355300328+09:00,9,186,200,113.848072,108.606462,119.009591,116.877939,<nil>,119.070997,188.652891,80.580062,62.060924,<nil>,266.594823,122.71336199999999
true,2025-01-26T13:46:04.67120841+09:00,2025-01-26T13:46:04.853040956+09:00,10,181,200,113.848072,108.845489,119.210714,116.978193,<nil>,119.267778,234.523124,80.732186,62.060924,<nil>,287.57466700000003,122.71336199999999
true,2025-01-26T13:46:09.671229559+09:00,2025-01-26T13:46:09.848411891+09:00,11,177,200,113.848072,108.845489,119.314167,117.07944499999999,<nil>,119.327091,234.523124,80.796607,62.128719,<nil>,309.590319,122.949332
true,2025-01-26T13:46:14.67134615+09:00,2025-01-26T13:46:14.851335652+09:00,12,179,200,114.021226,108.939243,119.557162,117.252721,<nil>,119.327091,251.175744,80.856824,62.128719,<nil>,309.590319,123.273953
true,2025-01-26T13:46:19.671541705+09:00,2025-01-26T13:46:19.847964883+09:00,13,176,200,114.210092,109.24971500000001,119.705279,117.313804,<nil>,119.699048,262.45435000000003,80.99437900000001,62.128719,<nil>,317.450956,123.501885
true,2025-01-26T13:46:24.671192457+09:00,2025-01-26T13:46:24.899007532+09:00,14,227,200,114.210092,109.369764,119.705279,117.49121099999999,<nil>,119.880567,266.870039,81.14514,62.128719,<nil>,343.747153,123.501885
true,2025-01-26T13:46:29.671376364+09:00,2025-01-26T13:46:29.852593861+09:00,15,181,200,114.386744,109.369764,120.101395,117.49121099999999,<nil>,119.982171,266.870039,81.311733,62.2292,<nil>,343.747153,123.64435900000001
true,2025-01-26T13:46:36.171416489+09:00,2025-01-26T13:46:36.350402988+09:00,16,178,200,114.52846500000001,109.43205400000001,120.101395,117.641539,<nil>,120.099571,274.38903799999997,81.447958,62.2292,<nil>,354.46999500000004,123.845871
true,2025-01-26T13:46:41.171524987+09:00,2025-01-26T13:46:41.348680019+09:00,17,177,200,114.52846500000001,109.496557,120.295197,117.77154900000001,<nil>,120.099571,277.054566,81.521979,62.2292,<nil>,359.390537,123.845871
true,2025-01-26T13:46:46.171421522+09:00,2025-01-26T13:46:46.347831575+09:00,18,176,200,114.52846500000001,109.665831,120.448402,117.84787700000001,<nil>,120.36118499999999,281.18068700000003,81.521979,62.302139,<nil>,367.437831,124.380091
true,2025-01-26T13:46:51.171264283+09:00,2025-01-26T13:46:51.348587656+09:00,19,177,200,114.828913,109.84572,120.522311,118.00194300000001,<nil>,120.790998,284.966503,81.822194,62.302139,<nil>,383.041132,124.380091
true,2025-01-26T13:46:56.171833971+09:00,2025-01-26T13:46:56.352889692+09:00,20,181,200,114.828913,109.941287,120.784041,118.166104,<nil>,120.918717,288.532068,81.95205299999999,62.302139,<nil>,391.619367,124.380091
true,2025-01-26T13:47:01.171370412+09:00,2025-01-26T13:47:01.350299499+09:00,21,178,200,115.04245800000001,109.941287,120.784041,118.319828,<nil>,120.918717,294.55938,82.094428,62.366529,<nil>,400.14733,124.559353
true,2025-01-26T13:47:06.171561592+09:00,2025-01-26T13:47:07.837238721+09:00,22,191,200,115.263462,109.941287,120.83946,118.383179,<nil>,121.03337,299.591005,82.153628,62.366529,<nil>,410.906164,124.863768
true,2025-01-26T13:47:12.646085735+09:00,2025-01-26T13:47:12.827216487+09:00,23,181,200,115.363055,110.072983,121.097069,118.477313,<nil>,121.226803,303.692977,82.23541399999999,62.4272,<nil>,420.102323,124.863768
true,2025-01-26T13:47:17.645355435+09:00,2025-01-26T13:47:17.821201635+09:00,24,175,200,115.497595,110.238338,121.097069,118.632648,<nil>,121.226803,308.282651,82.459172,62.4272,<nil>,420.102323,125.23423199999999
true,2025-01-26T13:47:22.645454593+09:00,2025-01-26T13:47:22.826697461+09:00,25,181,200,115.497595,110.339507,121.261701,118.684936,<nil>,121.381366,312.506151,82.459172,62.4272,<nil>,448.291226,125.23423199999999
true,2025-01-26T13:47:27.645747395+09:00,2025-01-26T13:47:27.824714319+09:00,26,178,200,115.656284,110.339507,121.400318,119.005905,<nil>,121.71498700000001,312.506151,82.56925799999999,62.4272,<nil>,448.291226,125.386538
true,2025-01-26T13:47:32.645750821+09:00,2025-01-26T13:47:32.82759098+09:00,27,181,200,115.808277,110.581526,121.400318,119.073177,<nil>,121.766457,321.877603,82.634968,62.52417,<nil>,468.656538,125.386538
true,2025-01-26T13:47:37.645498393+09:00,2025-01-26T13:47:37.834862125+09:00,28,189,200,115.865892,110.581526,121.715294,119.073177,<nil>,121.824039,321.877603,82.78542999999999,62.52417,<nil>,473.96708,125.765423
true,2025-01-26T13:47:44.080672769+09:00,2025-01-26T13:47:44.259300713+09:00,29,178,200,115.925569,110.581526,121.877681,119.24204800000001,<nil>,121.954553,324.107743,82.78542999999999,62.612424,<nil>,484.24845500000004,125.765423
true,2025-01-26T13:47:49.080448559+09:00,2025-01-26T13:47:49.255985553+09:00,30,175,200,116.034949,110.649486,121.936077,119.34017700000001,<nil>,122.102993,332.152576,83.07553899999999,62.612424,<nil>,490.90535,126.218777
true,2025-01-26T13:47:54.080452526+09:00,2025-01-26T13:47:54.255147265+09:00,31,174,200,116.184107,110.866269,122.00224800000001,119.506641,<nil>,122.183239,332.203711,83.15444099999999,62.661768,<nil>,497.081138,126.218777
true,2025-01-26T13:47:59.080576842+09:00,2025-01-26T13:47:59.259390403+09:00,32,178,200,116.275514,110.916045,122.202544,119.506641,<nil>,122.257033,338.842505,83.239897,62.661768,<nil>,510.159398,126.51434
true,2025-01-26T13:48:04.080583344+09:00,2025-01-26T13:48:04.260216077+09:00,33,179,200,116.275514,111.002781,122.27305,119.701376,<nil>,122.43969,342.016286,83.477234,62.661768,<nil>,515.880159,126.51434
true,2025-01-26T13:48:09.080573159+09:00,2025-01-26T13:48:09.258577024+09:00,34,178,200,116.663495,111.137248,122.419875,119.782601,<nil>,122.644442,346.221726,83.526155,62.716874,<nil>,534.338211,126.68157500000001
true,2025-01-26T13:48:15.784203116+09:00,2025-01-26T13:48:15.963176072+09:00,35,178,200,116.730379,111.137248,122.501012,119.952528,<nil>,122.644442,349.08458,83.68893,62.716874,<nil>,539.361823,126.68157500000001
true,2025-01-26T13:48:20.786102262+09:00,2025-01-26T13:48:20.963948705+09:00,36,177,200,116.730379,111.185276,122.73519399999999,120.009048,<nil>,122.813575,355.899443,83.747621,62.795441,<nil>,539.361823,126.96689
true,2025-01-26T13:48:25.784333571+09:00,2025-01-26T13:48:25.961311604+09:00,37,176,200,116.864499,111.414933,122.73519399999999,120.088762,<nil>,122.913709,355.899443,83.82874,62.795441,<nil>,558.015446,127.153532
true,2025-01-26T13:48:30.784032273+09:00,2025-01-26T13:48:30.962735062+09:00,38,178,200,117.05325400000001,111.414933,122.80634599999999,120.161158,<nil>,123.10431,358.789965,83.82874,62.795441,<nil>,566.393264,127.153532
true,2025-01-26T13:48:35.783661414+09:00,2025-01-26T13:48:35.968950091+09:00,39,185,200,117.05325400000001,111.414933,122.99014,120.33064,<nil>,123.10431,358.789965,84.10678300000001,62.852931,<nil>,571.25518,127.57519099999999
true,2025-01-26T13:48:40.783683706+09:00,2025-01-26T13:48:40.96525677+09:00,40,181,200,117.344295,111.68886599999999,123.118188,120.50110000000001,<nil>,123.33429000000001,370.85849499999995,84.155201,62.852931,<nil>,573.6704110000001,127.57519099999999
true,2025-01-26T13:48:45.783795937+09:00,2025-01-26T13:48:45.963833478+09:00,41,180,200,117.344295,111.68886599999999,123.260577,120.67800600000001,<nil>,123.551122,373.00052,84.248923,62.852931,<nil>,579.340969,127.99332799999999
true,2025-01-26T13:48:52.282462475+09:00,2025-01-26T13:48:52.460217772+09:00,42,177,200,117.491309,111.876571,123.348563,120.67800600000001,<nil>,123.551122,373.06511,84.418538,62.852931,<nil>,578.953615,127.99332799999999
true,2025-01-26T13:48:57.282353351+09:00,2025-01-26T13:48:57.461018257+09:00,43,178,200,117.658954,111.942755,123.564357,120.887339,<nil>,123.65624600000001,382.03229500000003,84.664948,62.956339,<nil>,561.8200879999999,127.99332799999999
true,2025-01-26T13:49:02.28187983+09:00,2025-01-26T13:49:02.462053117+09:00,44,180,200,117.658954,111.942755,123.564357,120.958833,<nil>,123.759582,384.253324,84.84553199999999,62.956339,<nil>,573.8744899999999,127.99332799999999
true,2025-01-26T13:49:07.281837409+09:00,2025-01-26T13:49:07.462522625+09:00,45,180,200,117.779893,112.060983,123.690445,121.10811,<nil>,124.025937,388.481412,84.84553199999999,62.956339,<nil>,573.8744899999999,128.591985
true,2025-01-26T13:49:12.282176732+09:00,2025-01-26T13:49:12.461391216+09:00,46,179,200,117.872868,112.193017,123.764909,121.18715399999999,<nil>,124.101107,390.64892299999997,84.918781,63.035401,<nil>,595.293219,128.591985
true,2025-01-26T13:49:17.281951884+09:00,2025-01-26T13:49:17.462600423+09:00,47,180,200,117.964721,112.24164,123.92002099999999,121.469292,<nil>,124.101107,394.24043,84.99841599999999,63.035401,<nil>,606.17422,128.591985
true,2025-01-26T13:49:23.798946358+09:00,2025-01-26T13:49:23.977167032+09:00,48,178,200,118.162882,112.314965,124.034548,121.469292,<nil>,124.331239,399.021901,85.469428,63.035401,<nil>,618.203585,128.827101
true,2025-01-26T13:49:28.800394968+09:00,2025-01-26T13:49:28.982849247+09:00,49,182,200,118.162882,112.457544,124.109421,121.649017,<nil>,124.426305,401.380241,85.469428,63.125832,<nil>,618.203585,129.08010099999998
true,2025-01-26T13:49:33.799508507+09:00,2025-01-26T13:49:33.9803964+09:00,50,180,200,118.213819,112.515794,124.182662,121.745656,<nil>,124.426305,401.380241,85.83383,63.125832,<nil>,636.616414,129.08010099999998
true,2025-01-26T13:49:38.799225461+09:00,2025-01-26T13:49:38.977749465+09:00,51,178,200,118.301091,112.638386,124.491275,121.848962,<nil>,124.610236,409.904602,86.174796,63.125832,<nil>,644.92652,129.257553
true,2025-01-26T13:49:43.798948113+09:00,2025-01-26T13:49:43.976325562+09:00,52,177,200,118.534623,112.69074499999999,124.491275,121.901989,<nil>,124.736504,409.904602,86.174796,63.214775,<nil>,644.92652,129.48636499999998
true,2025-01-26T13:49:48.799108078+09:00,2025-01-26T13:49:48.977915787+09:00,53,178,200,118.602669,112.810963,124.556541,121.982749,<nil>,124.901712,416.419371,86.366046,63.214775,<nil>,665.876343,129.48636499999998
true,2025-01-26T13:49:53.799159392+09:00,2025-01-26T13:49:53.978431927+09:00,54,179,200,118.602669,112.810963,124.71802199999999,122.14289199999999,<nil>,124.901712,418.966144,86.705308,63.214775,<nil>,673.554171,129.48636499999998
true,2025-01-26T13:50:00.315782598+09:00,2025-01-26T13:50:00.494821944+09:00,55,179,200,118.741964,112.949271,124.851972,122.295004,<nil>,125.060823,426.418197,86.975454,63.29077,<nil>,673.554171,129.938608
true,2025-01-26T13:50:05.31584024+09:00,2025-01-26T13:50:05.494267192+09:00,56,178,200,118.83576000000001,113.090778,124.851972,122.295004,<nil>,125.15904,426.418197,86.975454,63.29077,<nil>,692.483483,129.938608
true,2025-01-26T13:50:10.315822492+09:00,2025-01-26T13:50:10.496544812+09:00,57,180,200,118.974055,113.090778,125.217791,122.460137,<nil>,125.39314,429.123166,87.158569,63.29077,<nil>,700.948341,129.938608
true,2025-01-26T13:50:15.3163146+09:00,2025-01-26T13:50:15.493827725+09:00,58,177,200,119.25931200000001,113.371111,125.217791,122.538193,<nil>,125.455569,431.559584,87.392032,63.29077,<nil>,700.948341,130.150716
true,2025-01-26T13:50:20.315797094+09:00,2025-01-26T13:50:20.497661822+09:00,59,181,200,119.31129800000001,113.461259,125.280348,122.623838,<nil>,125.52792000000001,436.385408,87.392032,63.387794,<nil>,705.632749,130.443701
true,2025-01-26T13:50:25.317216672+09:00,2025-01-26T13:50:25.498352477+09:00,60,181,200,119.42621700000001,113.54651100000001,125.424532,122.762209,<nil>,125.653087,436.385408,87.492239,63.387794,<nil>,714.526863,130.443701
true,2025-01-26T13:50:31.856485812+09:00,2025-01-26T13:50:32.036226093+09:00,61,179,200,119.55022600000001,113.648604,125.518354,122.87304499999999,<nil>,125.822571,437.49234,87.825592,63.387794,<nil>,714.558321,130.79713800000002
true,2025-01-26T13:50:36.856183606+09:00,2025-01-26T13:50:37.033776781+09:00,62,177,200,119.628507,113.758349,125.561938,122.999889,<nil>,125.822571,437.49234,87.825592,63.470628,<nil>,714.619529,131.295885
true,2025-01-26T13:50:41.855097318+09:00,2025-01-26T13:50:42.033485778+09:00,63,178,200,119.762114,113.758349,125.823214,123.127751,<nil>,126.06285700000001,437.63344,88.01620700000001,63.470628,<nil>,714.667776,131.295885
true,2025-01-26T13:50:46.856200167+09:00,2025-01-26T13:50:47.035051129+09:00,64,178,200,119.829715,113.758349,125.823214,123.172984,<nil>,126.06285700000001,437.898067,88.149201,63.470628,<nil>,714.667776,131.295885
true,2025-01-26T13:50:51.857389311+09:00,2025-01-26T13:50:52.034949454+09:00,65,177,200,119.829715,113.889714,125.823214,123.238144,<nil>,126.264185,437.898067,88.149201,63.542955,<nil>,714.9604549999999,131.471408
true,2025-01-26T13:50:56.857013475+09:00,2025-01-26T13:50:57.035661167+09:00,66,178,200,120.13546099999999,114.017472,126.159198,123.314768,<nil>,126.264185,437.985238,88.149201,63.542955,<nil>,714.9604549999999,131.71378199999998
true,2025-01-26T13:51:01.855459058+09:00,2025-01-26T13:51:02.033516896+09:00,67,178,200,120.20976999999999,114.017472,126.159198,123.402847,<nil>,126.41278,438.110678,88.45837,63.542955,<nil>,714.9604549999999,131.71378199999998
