Success,SendDatetime,ReceivedDatetime,Count,ResponseTime,StatusCode,UserProfile,UserPreference,Organization,Team,Plan,PlanCommand,PlanQuery,Storage,Auth,Websocket,Job
true,2025-01-26T13:59:54.266523654+09:00,2025-01-26T13:59:55.207812395+09:00,0,941,200,784527360,770822144,811507712,777183232,<nil>,943747072,743124992,736776192,114970624,<nil>,365232128
true,2025-01-26T13:59:59.266737933+09:00,2025-01-26T13:59:59.70331931+09:00,1,436,200,784527360,770822144,811245568,777183232,<nil>,943747072,743100416,736776192,114970624,<nil>,364969984
true,2025-01-26T14:00:05.709708374+09:00,2025-01-26T14:00:05.886635949+09:00,2,176,200,784527360,770822144,811245568,777170944,<nil>,944533504,743100416,736776192,114970624,<nil>,364969984
true,2025-01-26T14:00:10.70967252+09:00,2025-01-26T14:00:10.8825911+09:00,3,172,200,784527360,770822144,811245568,777170944,<nil>,944533504,743100416,736522240,114970624,<nil>,364969984
true,2025-01-26T14:00:15.709553243+09:00,2025-01-26T14:00:15.877427027+09:00,4,167,200,784527360,770850816,811241472,777170944,<nil>,944533504,743100416,736522240,114970624,<nil>,364969984
true,2025-01-26T14:00:20.709710073+09:00,2025-01-26T14:00:20.87801537+09:00,5,168,200,784527360,770850816,811241472,777388032,<nil>,943779840,743096320,736522240,114970624,<nil>,364969984
true,2025-01-26T14:00:25.709601082+09:00,2025-01-26T14:00:25.882050995+09:00,6,172,200,784527360,770850816,811241472,777388032,<nil>,943779840,743096320,737878016,114970624,<nil>,364969984
true,2025-01-26T14:00:30.709547052+09:00,2025-01-26T14:00:30.885015295+09:00,7,175,200,784527360,770822144,811241472,777388032,<nil>,943775744,743362560,737878016,114970624,<nil>,364969984
true,2025-01-26T14:00:35.709478388+09:00,2025-01-26T14:00:36.002765206+09:00,8,293,200,784527360,770822144,811503616,777179136,<nil>,943775744,743362560,737878016,114970624,<nil>,364969984
true,2025-01-26T14:00:42.150499266+09:00,2025-01-26T14:00:42.32100589+09:00,9,170,200,784527360,770822144,811503616,777179136,<nil>,944013312,743362560,737095680,114970624,<nil>,364969984
true,2025-01-26T14:00:47.150497701+09:00,2025-01-26T14:00:47.328127041+09:00,10,177,200,784527360,770822144,811503616,777179136,<nil>,944013312,743362560,737095680,114970624,<nil>,364969984
true,2025-01-26T14:00:52.150322107+09:00,2025-01-26T14:00:52.339908593+09:00,11,189,200,784527360,770822144,811503616,777170944,<nil>,944013312,847536128,737095680,114970624,<nil>,364969984
true,2025-01-26T14:00:57.150334206+09:00,2025-01-26T14:00:57.319438151+09:00,12,169,200,784527360,770826240,811245568,777170944,<nil>,943747072,847536128,844865536,114970624,<nil>,364969984
true,2025-01-26T14:01:02.150885221+09:00,2025-01-26T14:01:02.319967961+09:00,13,169,200,784527360,770826240,811245568,777228288,<nil>,943747072,847536128,844865536,114970624,<nil>,364969984
true,2025-01-26T14:01:07.150492888+09:00,2025-01-26T14:01:07.323976142+09:00,14,173,200,784527360,770826240,811245568,777228288,<nil>,943747072,849510400,838070272,114970624,<nil>,364969984
true,2025-01-26T14:01:13.681054889+09:00,2025-01-26T14:01:13.861329301+09:00,15,180,200,784527360,770826240,811241472,777228288,<nil>,944013312,849510400,838070272,114970624,<nil>,364969984
true,2025-01-26T14:01:18.680840065+09:00,2025-01-26T14:01:18.851287678+09:00,16,170,200,784801792,770822144,811241472,777228288,<nil>,944013312,849510400,838070272,114970624,<nil>,364969984
true,2025-01-26T14:01:23.6808919+09:00,2025-01-26T14:01:23.848880828+09:00,17,167,200,784801792,770822144,811241472,777175040,<nil>,944013312,850702336,837693440,114970624,<nil>,364969984
true,2025-01-26T14:01:28.680770147+09:00,2025-01-26T14:01:28.84993749+09:00,18,169,200,784801792,770822144,811245568,777175040,<nil>,943751168,850702336,837693440,114970624,<nil>,364969984
true,2025-01-26T14:01:33.680987212+09:00,2025-01-26T14:01:33.849644692+09:00,19,168,200,784527360,770826240,811245568,777175040,<nil>,943751168,850702336,837693440,114970624,<nil>,364969984
true,2025-01-26T14:01:38.680825584+09:00,2025-01-26T14:01:38.857768013+09:00,20,176,200,784527360,770826240,811241472,777175040,<nil>,943751168,850702336,838131712,114970624,<nil>,364969984
true,2025-01-26T14:01:43.681020362+09:00,2025-01-26T14:01:43.852331163+09:00,21,171,200,784527360,770826240,811241472,777170944,<nil>,943747072,849764352,838131712,114970624,<nil>,364969984
true,2025-01-26T14:01:50.21476566+09:00,2025-01-26T14:01:50.385532866+09:00,22,170,200,784596992,770826240,811241472,777170944,<nil>,943747072,849764352,838131712,114970624,<nil>,364969984
true,2025-01-26T14:01:55.214740986+09:00,2025-01-26T14:01:55.379952412+09:00,23,165,200,784596992,770826240,811241472,777179136,<nil>,943747072,849764352,838873088,114970624,<nil>,364969984
true,2025-01-26T14:02:00.215439949+09:00,2025-01-26T14:02:00.380282483+09:00,24,164,200,784596992,770826240,811241472,777179136,<nil>,943747072,850124800,838873088,114970624,<nil>,364969984
true,2025-01-26T14:02:05.21489172+09:00,2025-01-26T14:02:05.384466843+09:00,25,169,200,784596992,770822144,811241472,777179136,<nil>,943747072,850124800,838873088,114974720,<nil>,364969984
true,2025-01-26T14:02:10.215151485+09:00,2025-01-26T14:02:10.387438018+09:00,26,172,200,784527360,770822144,811241472,777170944,<nil>,943747072,850124800,837873664,114974720,<nil>,364969984
true,2025-01-26T14:02:15.214784353+09:00,2025-01-26T14:02:15.385856191+09:00,27,171,200,784527360,770822144,811266048,777170944,<nil>,943747072,850399232,837873664,114974720,<nil>,364969984
true,2025-01-26T14:02:21.755753908+09:00,2025-01-26T14:02:21.936890503+09:00,28,181,200,784527360,770830336,811266048,777170944,<nil>,943747072,850399232,837873664,114974720,<nil>,364969984
true,2025-01-26T14:02:26.755809233+09:00,2025-01-26T14:02:26.927249717+09:00,29,171,200,784527360,770830336,811266048,777175040,<nil>,943747072,850399232,838361088,114970624,<nil>,364969984
true,2025-01-26T14:02:31.755644912+09:00,2025-01-26T14:02:31.922232362+09:00,30,166,200,784527360,770830336,811266048,777175040,<nil>,943747072,850399232,838361088,114970624,<nil>,364969984
true,2025-01-26T14:02:36.76068886+09:00,2025-01-26T14:02:36.930418993+09:00,31,169,200,784527360,770822144,811241472,777175040,<nil>,943747072,850042880,838361088,114970624,<nil>,364969984
true,2025-01-26T14:02:41.756068792+09:00,2025-01-26T14:02:41.983420664+09:00,32,227,200,784527360,770822144,811241472,777175040,<nil>,943747072,850042880,837832704,114970624,<nil>,364969984
true,2025-01-26T14:02:46.755948137+09:00,2025-01-26T14:02:46.928205494+09:00,33,172,200,784527360,770822144,811450368,777179136,<nil>,943747072,849887232,838397952,114970624,<nil>,364969984
true,2025-01-26T14:02:51.755964216+09:00,2025-01-26T14:02:51.942546901+09:00,34,186,200,784527360,770822144,811450368,777179136,<nil>,943747072,849887232,838397952,114970624,<nil>,364969984
true,2025-01-26T14:02:58.296987451+09:00,2025-01-26T14:02:58.471001403+09:00,35,174,200,784527360,770822144,811241472,777179136,<nil>,943747072,850411520,838397952,114970624,<nil>,364969984
true,2025-01-26T14:03:03.296685197+09:00,2025-01-26T14:03:03.483574455+09:00,36,186,200,784527360,770822144,811241472,777179136,<nil>,943747072,850411520,838397952,114970624,<nil>,364969984
true,2025-01-26T14:03:08.296685651+09:00,2025-01-26T14:03:08.462811008+09:00,37,166,200,784527360,770822144,811241472,777199616,<nil>,943747072,850411520,837844992,114970624,<nil>,364969984
true,2025-01-26T14:03:13.296816967+09:00,2025-01-26T14:03:13.46440862+09:00,38,167,200,784527360,770822144,811245568,777199616,<nil>,943747072,850411520,837844992,114970624,<nil>,364969984
true,2025-01-26T14:03:18.297022022+09:00,2025-01-26T14:03:18.468677817+09:00,39,171,200,784527360,770822144,811245568,777199616,<nil>,943747072,850669568,837844992,114970624,<nil>,364969984
true,2025-01-26T14:03:23.297192873+09:00,2025-01-26T14:03:23.471211292+09:00,40,174,200,784527360,770822144,811245568,777441280,<nil>,943747072,850669568,838090752,114970624,<nil>,364969984
true,2025-01-26T14:03:29.816144808+09:00,2025-01-26T14:03:29.995568592+09:00,41,179,200,784527360,770822144,811253760,777441280,<nil>,943747072,850669568,838090752,114970624,<nil>,364969984
true,2025-01-26T14:03:34.816447498+09:00,2025-01-26T14:03:34.981756069+09:00,42,165,200,784527360,770822144,811253760,777211904,<nil>,943751168,850669568,838090752,114970624,<nil>,364969984
true,2025-01-26T14:03:39.81658683+09:00,2025-01-26T14:03:39.984032884+09:00,43,167,200,784527360,770822144,811241472,777211904,<nil>,943751168,850345984,838885376,114970624,<nil>,364969984
true,2025-01-26T14:03:44.816144536+09:00,2025-01-26T14:03:44.991038937+09:00,44,174,200,784531456,770822144,811241472,777211904,<nil>,943751168,850345984,838885376,114970624,<nil>,364969984
true,2025-01-26T14:03:49.816402363+09:00,2025-01-26T14:03:49.986332945+09:00,45,169,200,784531456,770822144,811241472,777211904,<nil>,943751168,850345984,838635520,114970624,<nil>,364969984
true,2025-01-26T14:03:54.816611396+09:00,2025-01-26T14:03:55.008131226+09:00,46,191,200,784531456,770822144,811241472,777175040,<nil>,943751168,850616320,838635520,114974720,<nil>,364969984
true,2025-01-26T14:04:01.32741179+09:00,2025-01-26T14:04:01.517197956+09:00,47,189,200,784527360,770826240,811241472,777175040,<nil>,943755264,850616320,838635520,114974720,<nil>,364978176
true,2025-01-26T14:04:06.326666582+09:00,2025-01-26T14:04:06.5099732+09:00,48,183,200,784527360,770826240,811245568,777175040,<nil>,943755264,850350080,837828608,114974720,<nil>,364978176
true,2025-01-26T14:04:11.326683294+09:00,2025-01-26T14:04:11.492677104+09:00,49,165,200,784527360,770826240,811245568,777175040,<nil>,943755264,850350080,837828608,114974720,<nil>,364969984
true,2025-01-26T14:04:16.326990272+09:00,2025-01-26T14:04:16.509559595+09:00,50,182,200,784527360,770822144,811245568,777170944,<nil>,943747072,850350080,837664768,114974720,<nil>,364969984
true,2025-01-26T14:04:21.326702876+09:00,2025-01-26T14:04:21.496460015+09:00,51,169,200,784527360,770822144,811249664,777170944,<nil>,943747072,850350080,837664768,114974720,<nil>,364969984
true,2025-01-26T14:04:26.326899767+09:00,2025-01-26T14:04:26.502460448+09:00,52,175,200,784527360,770822144,811249664,777170944,<nil>,943747072,850436096,837664768,114974720,<nil>,364969984
true,2025-01-26T14:04:31.326613561+09:00,2025-01-26T14:04:31.520922227+09:00,53,194,200,784527360,770822144,811249664,777170944,<nil>,943747072,850436096,837664768,114974720,<nil>,364969984
true,2025-01-26T14:04:37.886084126+09:00,2025-01-26T14:04:38.058743446+09:00,54,172,200,784527360,770822144,811241472,777170944,<nil>,943751168,850436096,838615040,114974720,<nil>,364969984
true,2025-01-26T14:04:42.886013148+09:00,2025-01-26T14:04:43.053607874+09:00,55,167,200,784527360,770940928,811245568,777170944,<nil>,943751168,850677760,838615040,114974720,<nil>,364969984
true,2025-01-26T14:04:47.886271409+09:00,2025-01-26T14:04:48.051712017+09:00,56,165,200,784527360,770940928,811245568,777170944,<nil>,943751168,850677760,838615040,114974720,<nil>,364969984
true,2025-01-26T14:04:52.886000979+09:00,2025-01-26T14:04:53.055018262+09:00,57,169,200,784527360,770940928,811245568,777170944,<nil>,943747072,850350080,838090752,114974720,<nil>,364969984
true,2025-01-26T14:04:57.886435912+09:00,2025-01-26T14:04:58.058591643+09:00,58,172,200,784527360,770826240,811241472,777175040,<nil>,943747072,850350080,838090752,114974720,<nil>,364969984
true,2025-01-26T14:05:02.886071594+09:00,2025-01-26T14:05:03.056952887+09:00,59,170,200,784527360,770826240,811241472,777175040,<nil>,944533504,850083840,838090752,114974720,<nil>,364969984
true,2025-01-26T14:05:09.384079152+09:00,2025-01-26T14:05:09.566427647+09:00,60,182,200,784527360,770826240,811241472,777175040,<nil>,944533504,850083840,838090752,113496064,<nil>,364969984
true,2025-01-26T14:05:14.384244755+09:00,2025-01-26T14:05:14.555538039+09:00,61,171,200,784527360,770822144,811241472,777183232,<nil>,943751168,850083840,837840896,113496064,<nil>,364969984
true,2025-01-26T14:05:19.383995596+09:00,2025-01-26T14:05:19.549518953+09:00,62,165,200,784527360,770822144,811241472,777183232,<nil>,943751168,850354176,837840896,113500160,<nil>,364969984
true,2025-01-26T14:05:24.384210946+09:00,2025-01-26T14:05:24.580155089+09:00,63,195,200,784527360,770826240,811241472,777183232,<nil>,943751168,850354176,839168000,113500160,<nil>,364969984
true,2025-01-26T14:05:29.383914506+09:00,2025-01-26T14:05:29.553171009+09:00,64,169,200,784527360,770826240,811241472,777183232,<nil>,943751168,850354176,839168000,113491968,<nil>,364969984
true,2025-01-26T14:05:34.38400824+09:00,2025-01-26T14:05:34.556818055+09:00,65,172,200,784527360,770826240,811241472,777170944,<nil>,943747072,850354176,839168000,113491968,<nil>,364969984
true,2025-01-26T14:05:39.385711166+09:00,2025-01-26T14:05:39.570334072+09:00,66,184,200,784527360,770822144,811241472,777170944,<nil>,943747072,850370560,838402048,113496064,<nil>,364969984
true,2025-01-26T14:05:45.880558488+09:00,2025-01-26T14:05:46.052912136+09:00,67,172,200,784527360,770822144,811241472,777170944,<nil>,943747072,850370560,838402048,113496064,<nil>,364969984
true,2025-01-26T14:05:50.882315137+09:00,2025-01-26T14:05:51.04563054+09:00,68,163,200,784527360,770822144,811241472,777474048,<nil>,943751168,850370560,838934528,113496064,<nil>,364969984
true,2025-01-26T14:05:55.881393534+09:00,2025-01-26T14:05:56.052896201+09:00,69,171,200,784531456,770822144,811241472,777474048,<nil>,943751168,853880832,838934528,113496064,<nil>,364969984
true,2025-01-26T14:06:00.881063449+09:00,2025-01-26T14:06:01.054039497+09:00,70,172,200,784531456,770822144,811241472,777474048,<nil>,943751168,853880832,837550080,113496064,<nil>,364969984
true,2025-01-26T14:06:05.882510459+09:00,2025-01-26T14:06:06.056285274+09:00,71,173,200,784531456,770822144,811241472,777170944,<nil>,943747072,853880832,837550080,113496064,<nil>,364969984
true,2025-01-26T14:06:10.88067765+09:00,2025-01-26T14:06:11.055425231+09:00,72,174,200,784531456,770822144,811241472,777170944,<nil>,943747072,850055168,837550080,113496064,<nil>,364969984
true,2025-01-26T14:06:17.444947023+09:00,2025-01-26T14:06:17.614450976+09:00,73,169,200,784527360,770822144,811241472,777170944,<nil>,943747072,850055168,837550080,113496064,<nil>,364969984
true,2025-01-26T14:06:22.446543116+09:00,2025-01-26T14:06:22.615842822+09:00,74,169,200,784527360,770822144,811458560,777199616,<nil>,943755264,850055168,837840896,113496064,<nil>,364969984
true,2025-01-26T14:06:27.444755618+09:00,2025-01-26T14:06:27.614155885+09:00,75,169,200,784527360,770822144,811458560,777175040,<nil>,943755264,850055168,837840896,113496064,<nil>,364969984
true,2025-01-26T14:06:32.445241574+09:00,2025-01-26T14:06:32.614282023+09:00,76,169,200,784527360,770822144,811241472,777175040,<nil>,943755264,850055168,837541888,113496064,<nil>,364969984
true,2025-01-26T14:06:37.446091242+09:00,2025-01-26T14:06:37.615320474+09:00,77,169,200,784531456,770822144,811241472,777175040,<nil>,943747072,850055168,837541888,113496064,<nil>,364969984
true,2025-01-26T14:06:42.444733496+09:00,2025-01-26T14:06:42.615139912+09:00,78,170,200,784531456,770822144,811241472,777170944,<nil>,943747072,850067456,837525504,113504256,<nil>,364969984
true,2025-01-26T14:06:47.447193352+09:00,2025-01-26T14:06:47.616820363+09:00,79,169,200,784531456,770822144,811573248,777170944,<nil>,943747072,850067456,837525504,113504256,<nil>,364969984
true,2025-01-26T14:06:53.893693281+09:00,2025-01-26T14:06:54.062836691+09:00,80,169,200,784531456,770822144,811573248,777170944,<nil>,943747072,850067456,837525504,113504256,<nil>,364969984
true,2025-01-26T14:06:58.893825281+09:00,2025-01-26T14:06:59.063461296+09:00,81,169,200,784531456,770822144,811245568,777170944,<nil>,943747072,850067456,838004736,113504256,<nil>,364969984
true,2025-01-26T14:07:03.893986312+09:00,2025-01-26T14:07:04.06368048+09:00,82,169,200,785051648,770822144,811245568,777170944,<nil>,943747072,850067456,838004736,113504256,<nil>,364969984
true,2025-01-26T14:07:08.894302614+09:00,2025-01-26T14:07:09.063993277+09:00,83,169,200,785051648,770822144,811241472,777170944,<nil>,943747072,850063360,838004736,113504256,<nil>,364969984
true,2025-01-26T14:07:13.892256609+09:00,2025-01-26T14:07:14.062599715+09:00,84,170,200,785051648,770822144,811241472,777170944,<nil>,943747072,850063360,837525504,113504256,<nil>,364969984
